Workbook

Sheet Table 1
A1: OpenMP Multi-Core Scaling Lab - Student Result Scorecard (Table 1)
A2: Hardware / CPU: | B2: AMD Ryzen 7 7735HS (8 cores / 16 threads) | D2: Hardware threads: | E2: 16 | F2: (numba.config.NUMBA_NUM_THREADS, from your c1 run)
A4: Challenge 1: Monte Carlo pi (120,000,000 samples)
A5: Active Threads | B5: Samples | C5: Time (s) | D5: Speedup | E5: Efficiency (%) | G5: Samples | H5: 120000000
A6: 1 | B6: =$H$5 -> 120000000 | C6: 3.4577 | D6: =$C$6/C6 -> 1 | E6: =D6/A6*100 -> 100
A7: 2 | B7: =$H$5 -> 120000000 | C7: 2.1924 | D7: =$C$6/C7 -> 1.5771301 | E7: =D7/A7*100 -> 78.856504
A8: 4 | B8: =$H$5 -> 120000000 | C8: 1.1453 | D8: =$C$6/C8 -> 3.0190343 | E8: =D8/A8*100 -> 75.475858
A9: 8 | B9: =$H$5 -> 120000000 | C9: 0.6691 | D9: =$C$6/C9 -> 5.1676879 | E9: =D9/A9*100 -> 64.596099
A10: 16 | B10: =$H$5 -> 120000000 | C10: 0.4271 | D10: =$C$6/C10 -> 8.0957621 | E10: =D10/A10*100 -> 50.598513
A11: T_1 (1 thread): | C11: =C6 -> 3.4577 | D11: s
A12: T_max (max threads): | C12: =INDEX(C6:C10,MATCH(E2,A6:A10,0)) -> 0.4271 | D12: s
A14: Challenge 2: Mandelbrot 2500 x 2500, max_iter 1000, max threads
A15: Decomposition | B15: Array Size | C15: Time (s) | D15: Speedup | E15: Efficiency (%)
A16: Rows (prange over r) | B16: 2500 x 2500 | C16: 1.154 | D16: N/A | E16: N/A
A17: Cols (prange over c) | B17: 2500 x 2500 | C17: 1.088 | D17: N/A | E17: N/A
A18: Cols vs Rows time difference: | C18: =(C16-C17)/C16 -> 0.057192374 | D18: faster for cols; small gap, likely run-to-run noise
A20: Challenge 3: Heat stencil 1500 x 1500 x 300 steps, max threads
A21: Run | B21: Grid | C21: Steps | D21: Time (s) | E21: Megacells/s | G21: Grid size | H21: 1500
A22: float64 run 1 | B22: =$H$21 -> 1500 | C22: =$H$22 -> 300 | D22: 0.626 | E22: =IF(D22="","",B22*B22*C22/D22/1000000) -> 1078.2748 | G22: Steps | H22: 300
A23: float64 run 2 | B23: =$H$21 -> 1500 | C23: =$H$22 -> 300 | D23: 0.685 | E23: =IF(D23="","",B23*B23*C23/D23/1000000) -> 985.40146
A24: float32 run 1 | B24: =$H$21 -> 1500 | C24: =$H$22 -> 300 | D24: 0.239 | E24: =IF(D24="","",B24*B24*C24/D24/1000000) -> 2824.2678
A25: float64 average (for Table 1): | D25: =AVERAGE(D22:D23) -> 0.6555 | E25: =B22*B22*C22/D25/1000000 -> 1029.7483
A26: float64 / float32 runtime ratio: | D26: =IF(D24="","",D25/D24) -> 2.7426778

Sheet Amdahl
A1: Amdahl's Law estimate from Challenge 1
A2: Effective serial fraction f = (1/S - 1/N) / (1 - 1/N); ceiling = 1/f. Mixes true serial code with SMT, turbo-frequency and overhead effects.
A4: Threads (N) | B4: Speedup (S) | C4: Efficiency (%) | D4: Serial fraction f | E4: Speedup ceiling 1/f | F4: Predicted S (Amdahl, f from max)
A5: ='Table 1'!A6 -> 1 | B5: ='Table 1'!D6 -> 1 | C5: ='Table 1'!E6 -> 100 | D5: =IF(A5=1,"",(1/B5-1/A5)/(1-1/A5)) | E5: =IF(A5=1,"",1/D5) | F5: =1/($D$9+(1-$D$9)/A5) -> 1
A6: ='Table 1'!A7 -> 2 | B6: ='Table 1'!D7 -> 1.5771301 | C6: ='Table 1'!E7 -> 78.856504 | D6: =IF(A6=1,"",(1/B6-1/A6)/(1-1/A6)) -> 0.26812621 | E6: =IF(A6=1,"",1/D6) -> 3.7295869 | F6: =1/($D$9+(1-$D$9)/A6) -> 1.8777765
A7: ='Table 1'!A8 -> 4 | B7: ='Table 1'!D8 -> 3.0190343 | C7: ='Table 1'!E8 -> 75.475858 | D7: =IF(A7=1,"",(1/B7-1/A7)/(1-1/A7)) -> 0.10830899 | E7: =IF(A7=1,"",1/D7) -> 9.2328438 | F7: =1/($D$9+(1-$D$9)/A7) -> 3.3465283
A8: ='Table 1'!A9 -> 8 | B8: ='Table 1'!D9 -> 5.1676879 | C8: ='Table 1'!E9 -> 64.596099 | D8: =IF(A8=1,"",(1/B8-1/A8)/(1-1/A8)) -> 0.078297299 | E8: =IF(A8=1,"",1/D8) -> 12.771833 | F8: =1/($D$9+(1-$D$9)/A8) -> 5.4959151
A9: ='Table 1'!A10 -> 16 | B9: ='Table 1'!D10 -> 8.0957621 | C9: ='Table 1'!E10 -> 50.598513 | D9: =IF(A9=1,"",(1/B9-1/A9)/(1-1/A9)) -> 0.06508951 | E9: =IF(A9=1,"",1/D9) -> 15.363459 | F9: =1/($D$9+(1-$D$9)/A9) -> 8.0957621
A11: Note: the 8-to-16 thread step gave only 1.57x instead of 2x, consistent with 16 logical threads sharing 8 physical cores (SMT).
A12: ="Speedup gain 8 to 16 threads: "&TEXT(B9/B8,"0.00")&"x" -> #VALUE!

Sheet Answers C1
A1: Challenge 1 - draft talking points (rewrite in your own words)
A3: Q | B3: Key points
A4: B | B4: The first call to an @njit function includes JIT compilation (seconds). That one-off cost does not scale with threads, so it would distort T_1 and every speedup. The 10,000-sample call compiles for the same argument type (int) and also starts the thread pool.
A5: C | B5: No: efficiency fell to about 50.6% at 16 threads. Monte Carlo barely touches memory, so the memory bus is not the main cause. Likely causes: SMT (16 logical threads on the 8 physical cores of the Ryzen 7 7735HS share execution units), lower all-core clock than single-core turbo, and thread start-up, partitioning and reduction overhead plus background OS load.
A6: D | B6: Numba recognises inside_circle += 1 inside prange as a reduction. Each thread keeps a private copy starting at 0, and the copies are summed at the end, like OpenMP reduction(+:inside_circle). No two threads write the shared variable at once, so there is no race.
